2026-06-24_19-30-32,0,shell.go:2026-06-24_19-30-32
2026-06-24_19-42-01,0,shell.go:2026-06-24_19-42-01
2026-06-24_19-42-11,0,shell.go:2026-06-24_19-42-11
2026-06-28_16-01-52,0,shell.go:2026-06-28_16-01-52
2026-06-28_16-06-48,0,shell.go:2026-06-28_16-06-48
2026-06-28_16-23-49,0,shell.go:2026-06-28_16-23-49
2026-06-28_16-35-40,37,shell.go:2026-06-28_16-35-40
2026-06-28_16-36-11,37,shell.go:2026-06-28_16-35-40
2026-06-28_16-37-47,37,shell.go:2026-06-28_16-37-47
2026-06-28_16-39-01,50,shell.go:2026-06-28_16-39-01
2026-06-28_16-41-27,50,shell.go:2026-06-28_16-41-27
2026-06-28_16-42-34,50,shell.go:2026-06-28_16-42-34
2026-06-28_16-44-32,62,shell.go:2026-06-28_16-44-32
2026-06-28_16-46-04,62,shell.go:2026-06-28_16-46-04
2026-06-28_16-46-16,62,shell.go:2026-06-28_16-46-16
2026-06-28_16-47-59,75,shell.go:2026-06-28_16-47-59
2026-06-28_16-48-49,75,shell.go:2026-06-28_16-48-49
2026-06-28_16-49-58,87,shell.go:2026-06-28_16-49-58
2026-06-28_16-51-48,87,shell.go:2026-06-28_16-49-58
2026-06-28_16-53-35,87,shell.go:2026-06-28_16-49-58
2026-06-28_16-54-47,87,shell.go:2026-06-28_16-54-47
2026-06-28_16-56-38,100,shell.go:2026-06-28_16-56-38
