2026-06-02_11-18-26,33,main.go:2026-06-02_11-18-26
2026-06-02_11-20-09,0,main.go:2026-06-02_11-20-09
2026-06-06_01-35-17,0,main.go:2026-06-06_01-35-17
2026-06-06_01-37-39,0,main.go:2026-06-06_01-37-39
2026-06-06_01-39-44,0,main.go:2026-06-06_01-39-44
2026-06-06_01-39-57,---,main.go:2026-06-06_01-39-44
2026-06-06_01-41-11,0,main.go:2026-06-06_01-39-44
2026-06-06_01-53-54,0,main.go:2026-06-06_01-53-54
2026-06-06_01-57-37,0,main.go:2026-06-06_01-57-37
2026-06-06_01-57-38,0,main.go:2026-06-06_01-57-37
2026-06-06_01-57-40,0,main.go:2026-06-06_01-57-40
2026-06-06_01-57-47,0,main.go:2026-06-06_01-57-40
2026-06-06_01-58-07,0,main.go:2026-06-06_01-57-40
2026-06-06_01-58-33,0,main.go:2026-06-06_01-58-33
2026-06-06_01-58-34,0,main.go:2026-06-06_01-58-33
2026-06-06_01-58-34,0,main.go:2026-06-06_01-58-33
2026-06-06_01-58-34,0,main.go:2026-06-06_01-58-33
2026-06-06_01-58-42,0,main.go:2026-06-06_01-58-42
2026-06-06_01-58-43,0,main.go:2026-06-06_01-58-42
2026-06-06_01-59-00,0,main.go:2026-06-06_01-59-00
2026-06-06_02-01-17,66,main.go:2026-06-06_02-01-17
2026-06-06_02-06-18,100,main.go:2026-06-06_02-06-18
2026-06-06_02-06-53,100,main.go:2026-06-06_02-06-18
2026-06-06_02-06-53,100,main.go:2026-06-06_02-06-18
2026-06-06_02-07-16,100,main.go:2026-06-06_02-07-16
2026-06-06_02-07-28,100,main.go:2026-06-06_02-07-28
